,Unnamed: 0,Filename,Unnamed: 1,Unnamed: 2,Blind_x,Visual_x,Visually Impaired_x,Unnamed: 6,Unnamed: 7,Comment_x,Unnamed: 9,Assign value 1 in the category for which you believe dog belongs based on the results of the visual maze testing,Preemptive Navigation_x,Reactive Turn_x,Disoriented Circling_x,Mean Speed (pixels/sec)_x,Visual Status_x,Expert Status,Blind_y,Visual_y,Visually Impaired_y,Comment_y,Preemptive Navigation_y,Reactive Turn_y,Disoriented Circling_y,Mean Speed (pixels/sec)_y,Visual Status_y,Non-Expert Status
0,56,20131120_164243.mp4,,,,,,,,,,,42.0,114.0,7.0,1457.047225,2.0,,,,1.0,uses smell for orientation,42,114,7,1457.047225,2,2.0
1,57,20131123_105855.mp4,,,1.0,,,,,,,,83.0,111.0,10.0,945.6420912,2.0,1.0,1.0,,,,83,111,10,945.6420912,2,1.0
2,58,20140221_132236.mp4,,,,,1.0,,,,,,39.0,136.0,19.0,1151.810789,2.0,2.0,,,1.0,,39,136,19,1151.810789,2,2.0
3,59,20140515_123936.mp4,,,,,1.0,,,,,,34.0,71.0,10.0,983.4022559,2.0,2.0,,1.0,,,34,71,10,983.4022559,2,3.0
4,60,20140711_124858.mp4,,,,,1.0,,,there is no enough data,,,57.0,98.0,12.0,892.4961946,2.0,2.0,,,1.0,Walks slow,57,98,12,892.4961946,2,2.0
5,61,20140822_131700.mp4,,,,1.0,,,,,,,9.0,37.0,4.0,1333.658913,2.0,3.0,,1.0,,,9,37,4,1333.658913,2,3.0
6,62,20140904_104612.mp4,,,1.0,,,,,,,,74.0,107.0,13.0,1061.94878,2.0,1.0,,,1.0,,74,107,13,1061.94878,2,2.0
7,63,20140905_132014.mp4,,,,1.0,,,,,,,12.0,45.0,5.0,1397.731809,2.0,3.0,,1.0,,,12,45,5,1397.731809,2,3.0
8,64,20141016_153628.mp4,,,1.0,,,,,,,,5.0,32.0,2.0,1360.001096,1.0,1.0,,,1.0,Walks slow and hit on object,5,32,2,1360.001096,1,2.0
9,65,20150116_130548.mp4,,,1.0,,,,,,,,9.0,29.0,2.0,1349.22126,2.0,1.0,1.0,,,,9,29,2,1349.22126,2,1.0
10,66,20150520_141835.mp4,,,,,1.0,,,,,,29.0,79.0,14.0,1083.591593,2.0,2.0,,,1.0,,29,79,14,1083.591593,2,2.0
11,67,20150829_104056.mp4,,,,1.0,,,,,,,26.0,45.0,6.0,895.1087758,2.0,3.0,,,1.0,walks aimlessly,26,45,6,895.1087758,2,2.0
12,68,20150831_161350.mp4,,,,,,,,it was too darkmovie!,,,48.0,43.0,10.0,409.8746703,2.0,,,1.0,,,48,43,10,409.8746703,2,3.0
13,69,20151016_114556.mp4,,,,,1.0,,,,,,31.0,58.0,12.0,1006.269628,2.0,2.0,,,1.0,,31,58,12,1006.269628,2,2.0
14,70,20151120_113326.mp4,,,,,1.0,,,,,,37.0,63.0,10.0,1082.628988,2.0,2.0,1.0,,,,37,63,10,1082.628988,2,1.0
15,83,2017-10-23_14-15-22_000.MOV,,,1.0,,,,,,,,20.0,33.0,7.0,850.0669206,2.0,1.0,1.0,,,,20,33,7,850.0669206,2,1.0
16,84,2017-11-07_10-03-44_000.MOV,,,,1.0,,,,,,,3.0,15.0,1.0,1595.531581,1.0,3.0,,1.0,,,3,15,1,1595.531581,1,3.0
17,85,2018-02-19_11-41-30_000.MOV,,,1.0,,,,,,,,9.0,13.0,2.0,1184.713159,2.0,1.0,1.0,,,,9,13,2,1184.713159,2,1.0
18,86,2018-03-06_09-19-39_000.MOV,,,,,1.0,,,,,,7.0,15.0,1.0,1163.3575,1.0,2.0,1.0,,,,7,15,1,1163.3575,1,1.0
19,87,2018-03-20_11-31-20_000.MOV,,,,,1.0,,,,,,17.0,24.0,2.0,1063.143125,2.0,2.0,,,1.0,Try to smell objects,17,24,2,1063.143125,2,2.0
20,88,2018-04-06_12-13-43_000.MOV,,,1.0,,,,,,,,10.0,18.0,0.0,1112.420968,2.0,1.0,,1.0,,,10,18,0,1112.420968,2,3.0
21,89,2018-04-13_11-09-53_000.MOV,,,,,1.0,,,appears with problems but didnt meet any object. lucky?,,,13.0,29.0,4.0,1342.989804,2.0,2.0,,,1.0,Walks unsure,13,29,4,1342.989804,2,2.0
22,90,2018-05-11_15-06-40_000.MOV,,,,1.0,,,,,,,1.0,11.0,0.0,1585.767255,1.0,3.0,,1.0,,,1,11,0,1585.767255,1,3.0
23,91,2018-05-14_09-08-01_000.MOV,,,1.0,,,,,,,,9.0,44.0,6.0,1559.128321,2.0,1.0,1.0,,,,9,44,6,1559.128321,2,1.0
24,92,2018-05-14_10-59-29_000.MOV,,,,,1.0,,,there is no enough data,,,5.0,28.0,7.0,1583.580169,1.0,2.0,,,1.0,,5,28,7,1583.580169,1,2.0
25,93,2018-05-14_12-58-06_000.MOV,,,,,1.0,,,,,,21.0,37.0,7.0,923.4328321,2.0,2.0,,,1.0,,21,37,7,923.4328321,2,2.0
26,94,2018-05-15_10-45-55_000.MOV,,,1.0,,,,,,,,10.0,27.0,3.0,934.4063991,2.0,1.0,1.0,,,,10,27,3,934.4063991,2,1.0
27,95,2018-05-18_13-53-49_000.MOV,,,,,1.0,,,there is no enough data,,,11.0,34.0,4.0,1255.90105,2.0,2.0,1.0,,,,11,34,4,1255.90105,2,1.0
28,96,2018-07-13_10-34-02_000.MOV,,,,1.0,,,,,,,2.0,17.0,1.0,1705.842921,1.0,3.0,,1.0,,,2,17,1,1705.842921,1,3.0
29,97,2018-07-30_11-12-38_000.MOV,,,1.0,,,,,,,,2.0,28.0,2.0,1727.014729,1.0,1.0,1.0,,,,2,28,2,1727.014729,1,1.0
30,98,2018-08-03_10-19-05_000.MOV,,,1.0,,,,,,,,2.0,20.0,0.0,1665.899785,1.0,1.0,1.0,,,,2,20,0,1665.899785,1,1.0
31,99,2018-09-07_09-24-20_000.MOV,,,1.0,,,,,,,,7.0,15.0,2.0,1029.6134,1.0,1.0,1.0,,,,7,15,2,1029.6134,1,1.0
32,100,2018-09-07_11-03-09_000.MOV,,,1.0,,,,,there is no enough data,,,7.0,35.0,8.0,1355.716165,1.0,1.0,1.0,,,,7,35,8,1355.716165,1,1.0
33,101,2018-11-02_13-53-45_000.MOV,,,,1.0,,,,,,,8.0,29.0,5.0,955.6932607,2.0,3.0,,,1.0,Seems to smell objects,8,29,5,955.6932607,2,2.0
34,102,2018-11-09_15-17-04_000.MOV,,,1.0,,,,,,,,29.0,31.0,5.0,625.8304182,2.0,1.0,1.0,,,,29,31,5,625.8304182,2,1.0
35,103,2018-12-04_14-04-19_000.MOV,,,,1.0,,,,,,,6.0,9.0,0.0,1131.541662,1.0,3.0,,1.0,,,6,9,0,1131.541662,1,3.0
36,104,2018-12-07_10-26-56_000.MOV,,,,1.0,,,,,,,7.0,13.0,2.0,968.9494164,1.0,3.0,,1.0,,,7,13,2,968.9494164,1,3.0
37,105,2019-02-22_12-24-22_000.MOV,,,1.0,,,,,,,,33.0,61.0,13.0,1050.792761,2.0,1.0,1.0,,,,33,61,13,1050.792761,2,1.0
38,106,2019-02-26_10-54-22_000.MOV,,,,1.0,,,,there is no enough data,,,24.0,41.0,9.0,819.2927292,2.0,3.0,1.0,,,,24,41,9,819.2927292,2,1.0
39,107,2019-03-01_11-30-11_000.MOV,,,,1.0,,,,,,,29.0,26.0,3.0,783.6725024,2.0,3.0,,1.0,,,29,26,3,783.6725024,2,3.0
40,108,2019-03-05_12-10-54_000.MOV,,,,1.0,,,,,,,17.0,48.0,3.0,924.9658846,2.0,3.0,1.0,,,,17,48,3,924.9658846,2,1.0
41,109,2019-03-08_10-00-30_000.MOV,,,,1.0,,,,,,,1.0,16.0,0.0,1864.897016,1.0,3.0,,1.0,,,1,16,0,1864.897016,1,3.0
42,110,2019-03-18_09-51-32_000.MOV,,,1.0,,,,,there is no enough data,,,9.0,20.0,4.0,1239.128892,2.0,1.0,1.0,,,doesn’t move at all,9,20,4,1239.128892,2,1.0
43,111,2019-03-29_13-35-17_000.MOV,,,1.0,,,,,,,,27.0,74.0,22.0,818.4358718,2.0,1.0,1.0,,,,27,74,22,818.4358718,2,1.0
44,112,2019-04-15_10-41-22_000.MOV,,,,1.0,,,,,,,4.0,15.0,0.0,1349.144257,1.0,3.0,1.0,,,,4,15,0,1349.144257,1,1.0
45,113,2019-05-10_12-31-50_000.MOV,,,1.0,,,,,there is no enough data,,,23.0,29.0,4.0,858.9657507,2.0,1.0,1.0,,,,23,29,4,858.9657507,2,1.0
46,114,2019-05-17_11-54-36_000.MOV,,,,,1.0,,,there is no enough data,,,29.0,39.0,9.0,816.2900398,2.0,2.0,1.0,,,,29,39,9,816.2900398,2,1.0
47,115,2019-06-14_13-29-15_000.MOV,,,,,1.0,,,,,,11.0,37.0,5.0,1105.669434,2.0,2.0,,,1.0,Walks very slow,11,37,5,1105.669434,2,2.0
48,116,2019-06-14_14-06-34_000.MOV,,,,1.0,,,,I guess it was actually column 3,,,9.0,25.0,3.0,945.4529086,2.0,3.0,,,1.0,Walks very slow,9,25,3,945.4529086,2,2.0
49,117,2019-06-25_09-41-39_000.MOV,,,1.0,,,,,,,,15.0,64.0,17.0,1026.778064,2.0,1.0,1.0,,,,15,64,17,1026.778064,2,1.0
50,118,2019-06-28_11-52-16_000.MOV,,,,,1.0,,,or is too shame or cannot see well,,,21.0,37.0,4.0,961.6332979,2.0,2.0,1.0,,,,21,37,4,961.6332979,2,1.0
51,119,2019-07-09_10-49-39_000.MOV,,,,1.0,,,,,,,7.0,34.0,2.0,1406.046023,1.0,3.0,,,1.0,Walks slow and almost hit object,7,34,2,1406.046023,1,2.0
52,120,2019-07-09_11-20-21_000.MOV,,,1.0,,,,,,,,7.0,19.0,4.0,915.3010195,1.0,1.0,1.0,,,,7,19,4,915.3010195,1,1.0
53,121,2019-08-06_11-16-27_000.MOV,,,,,1.0,,,no info,,,19.0,52.0,8.0,1015.237214,2.0,2.0,,,1.0,Walks very slow,19,52,8,1015.237214,2,2.0
54,122,2019-09-27_13-07-06_000.MOV,,,,,1.0,,,,,,14.0,20.0,6.0,699.8168361,2.0,2.0,1.0,,,,14,20,6,699.8168361,2,1.0
55,123,2019-10-18_13-07-53_000.MOV,,,,1.0,,,,,,,10.0,26.0,1.0,1285.167152,2.0,3.0,,,1.0,Walks slow and almost hit object,10,26,1,1285.167152,2,2.0
56,124,2019-12-03_12-08-12_000.MOV,,,,,1.0,,,no info,,,8.0,24.0,6.0,1087.173997,2.0,2.0,1.0,,,,8,24,6,1087.173997,2,1.0
57,125,2019-12-06_10-10-47_000.MOV,,,1.0,,,,,,,,26.0,25.0,3.0,706.9917125,2.0,1.0,1.0,,,,26,25,3,706.9917125,2,1.0
58,126,2020-01-03_11-11-16_000.MOV,,,1.0,,,,,,,,5.0,23.0,3.0,894.2470795,1.0,1.0,,,1.0,Seems to smell objects,5,23,3,894.2470795,1,2.0
59,127,2020-01-03_13-49-48_000.MOV,,,,1.0,,,,,,,3.0,22.0,1.0,1477.436062,1.0,3.0,,1.0,,,3,22,1,1477.436062,1,3.0
60,128,2020-02-14_09-50-10_000.MOV,,,1.0,,,,,,,,13.0,52.0,16.0,1055.122668,2.0,1.0,1.0,,,,13,52,16,1055.122668,2,1.0
61,129,2020-03-03_11-50-13_000.MOV,,,,1.0,,,,,,,5.0,27.0,5.0,1333.527951,1.0,3.0,,1.0,,,5,27,5,1333.527951,1,3.0
62,130,2020-04-23_16-23-01_000.MOV,,,,1.0,,,,suspicious,,,20.0,21.0,5.0,812.1977822,2.0,3.0,,,1.0,Walks very slow,20,21,5,812.1977822,2,2.0
63,131,2020-05-07_09-48-40_000.MOV,,,,1.0,,,,,,,25.0,58.0,9.0,1067.600717,2.0,3.0,,,1.0,Walks without orientation,25,58,9,1067.600717,2,2.0
64,132,2020-05-21_13-19-02_000.MOV,,,,1.0,,,,,,,32.0,30.0,8.0,621.0903663,2.0,3.0,1.0,,,,32,30,8,621.0903663,2,1.0
65,133,2020-05-28_12-01-34_000.MOV,,,,1.0,,,,,,,14.0,32.0,5.0,1120.622424,2.0,3.0,,1.0,,,14,32,5,1120.622424,2,3.0
66,134,2020-06-04_11-57-49_000.MOV,,,,1.0,,,,,,,6.0,24.0,3.0,1179.468634,1.0,3.0,,,1.0,Seems to hear owner,6,24,3,1179.468634,1,2.0
67,135,2020-06-18_10-20-08_000.MOV,,,,,1.0,,,,,,38.0,50.0,10.0,695.0955921,2.0,2.0,,,1.0,Seems to smell objects,38,50,10,695.0955921,2,2.0
68,136,2020-06-18_10-53-05_000.MOV,,,1.0,,,,,,,,27.0,42.0,9.0,870.9089788,2.0,1.0,1.0,,,,27,42,9,870.9089788,2,1.0
69,137,2020-07-03_10-45-54_000.MOV,,,,,1.0,,,didn’t hit anything but the head position was suspicions,,,14.0,31.0,4.0,1198.095242,2.0,2.0,,,1.0,Walks slow,14,31,4,1198.095242,2,2.0
70,138,2020-07-03_13-06-58_000.MOV,,,,,1.0,,,almost blind but could see big black things,,,10.0,26.0,3.0,1120.856719,2.0,2.0,1.0,,,,10,26,3,1120.856719,2,1.0
71,139,2020-07-03_14-02-26_000.MOV,,,,,1.0,,,"doesn’t look ok, but no enough info",,,29.0,76.0,15.0,971.2334303,2.0,2.0,,,1.0,Walks slow,29,76,15,971.2334303,2,2.0
72,140,2020-07-09_09-42-15_000.MOV,,,1.0,,,,,blind or with decreased sight,,,15.0,24.0,5.0,1074.161631,2.0,1.0,1.0,,,,15,24,5,1074.161631,2,1.0
73,141,2020-07-14_13-26-52_000.MOV,,,1.0,,,,,"appears blind, but doesn’t move",,,3.0,18.0,6.0,1134.257267,1.0,1.0,1.0,,,,3,18,6,1134.257267,1,1.0
74,142,2020-07-14_13-52-42_000.MOV,,,1.0,,,,,doesn't move. probably not blind but with decreased sight,,,25.0,32.0,6.0,836.6762342,2.0,1.0,1.0,,,,25,32,6,836.6762342,2,1.0
75,143,2020-07-16_12-05-17_000.MOV,,,,,1.0,,,close to blind,,,43.0,69.0,16.0,957.7484528,2.0,2.0,1.0,,,,43,69,16,957.7484528,2,1.0
76,144,2020-07-17_12-45-41_000.MOV,,,1.0,,,,,"appears blind, but doesn’t move",,,25.0,28.0,6.0,699.6194538,2.0,1.0,1.0,,,,25,28,6,699.6194538,2,1.0
77,145,2020-07-23_10-04-15_000.MOV,,,1.0,,,,,,,,35.0,14.0,5.0,673.9404843,3.0,1.0,1.0,,,,35,14,5,673.9404843,3,1.0
78,146,2020-08-06_13-09-59_000.MOV,,,,1.0,,,,,,,10.0,37.0,5.0,1125.121176,2.0,3.0,,1.0,,,10,37,5,1125.121176,2,3.0
79,147,2020-08-27_10-02-37_000.MOV,,,,,1.0,,,almost blind but could see big black things,,,13.0,14.0,3.0,587.2902021,2.0,2.0,1.0,,,,13,14,3,587.2902021,2,1.0
80,148,2020-10-15_13-19-55_000.mov,,,,1.0,,,,slightly suspicions,,,5.0,18.0,2.0,1428.116613,1.0,3.0,,1.0,,,5,18,2,1428.116613,1,3.0
81,149,2020-10-15_16-07-29_000.mov,,,1.0,,,,,pretending that it can see someghint,,,27.0,28.0,5.0,707.8057552,2.0,1.0,1.0,,,,27,28,5,707.8057552,2,1.0
82,150,2020-11-10_13-56-37_000.mov,,,1.0,,,,,"appears blind, but doesn’t move",,,32.0,56.0,10.0,782.9977472,2.0,1.0,1.0,,,,32,56,10,782.9977472,2,1.0
83,151,2020-11-12_09-52-17_000.mov,,,,1.0,,,,no info at all,,,13.0,38.0,5.0,1097.813987,2.0,3.0,1.0,,,,13,38,5,1097.813987,2,1.0
84,152,2020-11-13_13-24-51_000.mov,,,,1.0,,,,,,,31.0,39.0,4.0,1044.901751,2.0,3.0,,,1.0,Seems to smell objects,31,39,4,1044.901751,2,2.0
85,153,2020-11-13_14-20-44_000.mov,,,,1.0,,,,,,,13.0,29.0,4.0,1120.316171,2.0,3.0,,,1.0,Seems to hear owner,13,29,4,1120.316171,2,2.0
86,154,2020-11-24_10-32-36_000.mov,,,1.0,,,,,,,,0.0,20.0,4.0,1065.832284,1.0,1.0,1.0,,,,0,20,4,1065.832284,1,1.0
87,155,2020-12-10_09-38-28_000.mov,,,1.0,,,,,,,,52.0,70.0,13.0,873.0665763,2.0,1.0,1.0,,,,52,70,13,873.0665763,2,1.0
88,156,2020-12-10_10-20-58_000.mov,,,,1.0,,,,,,,43.0,66.0,12.0,999.1402643,2.0,3.0,1.0,,,,43,66,12,999.1402643,2,1.0
89,157,2020-12-15_10-47-17_000.mov,,,,1.0,,,,,,,31.0,19.0,4.0,617.0138789,3.0,3.0,,1.0,,,31,19,4,617.0138789,3,3.0
90,158,2020-12-17_16-40-35_000.mov,,,,1.0,,,,,,,27.0,48.0,10.0,825.3993454,2.0,3.0,1.0,,,,27,48,10,825.3993454,2,1.0
91,159,2020-12-18_14-20-09_000.mov,,,,,1.0,,,,,,35.0,50.0,9.0,698.1783343,2.0,2.0,,,1.0,Walks without orientation,35,50,9,698.1783343,2,2.0
92,160,2021-01-08_13-30-04_000.mov,,,,1.0,,,,,,,29.0,53.0,4.0,1027.099863,2.0,3.0,1.0,,,,29,53,4,1027.099863,2,1.0
93,161,2021-01-22_14-35-51_000.mov,,,,,1.0,,,doesn't move. probably not blind but with decreased sight,,,9.0,39.0,12.0,1007.095334,2.0,2.0,1.0,,,,9,39,12,1007.095334,2,1.0
94,162,2021-01-29_14-31-35_000.mov,,,1.0,,,,,,,,13.0,19.0,4.0,883.8852355,2.0,1.0,1.0,,,,13,19,4,883.8852355,2,1.0
95,163,2021-02-11_15-53-10_000.mov,,,1.0,,,,,assume it was blind but didnt move too much ,,,20.0,35.0,10.0,925.7781368,2.0,1.0,1.0,,,,20,35,10,925.7781368,2,1.0
96,164,2021-02-16_10-27-52_000.mov,,,1.0,,,,,,,,14.0,21.0,6.0,736.9743195,2.0,1.0,1.0,,,,14,21,6,736.9743195,2,1.0
97,165,2021-02-26_11-22-36_000.mov,,,,,1.0,,,,,,21.0,50.0,14.0,854.9840639,2.0,2.0,1.0,,,,21,50,14,854.9840639,2,1.0
98,166,2021-03-02_10-36-32_000.mov,,,,,1.0,,,no info at all,,,10.0,42.0,9.0,911.5505857,2.0,2.0,,,1.0,Walks without orientation,10,42,9,911.5505857,2,2.0
99,167,2021-03-04_11-12-21_000.mov,,,1.0,,,,,hit the door but out of the frame,,,23.0,64.0,6.0,1264.180871,2.0,1.0,,1.0,,,23,64,6,1264.180871,2,3.0
100,168,2021-03-05_11-46-05_000.mov,,,1.0,,,,,,,,7.0,35.0,4.0,1447.108081,1.0,1.0,1.0,,,,7,35,4,1447.108081,1,1.0
101,169,2021-03-19_10-24-57_000.mov,,,,1.0,,,,,,,38.0,78.0,13.0,1132.346778,2.0,3.0,,1.0,,,38,78,13,1132.346778,2,3.0
102,170,2021-04-06_11-17-15_000.mov,,,1.0,,,,,,,,13.0,47.0,4.0,1172.562053,2.0,1.0,1.0,,,,13,47,4,1172.562053,2,1.0
103,171,2021-04-30_13-16-09_000.mov,,,,1.0,,,,,,,5.0,18.0,2.0,1196.317389,1.0,3.0,,1.0,,,5,18,2,1196.317389,1,3.0
104,172,2021-05-04_10-37-33_000.mov,,,1.0,,,,,,,,21.0,41.0,8.0,839.6872798,2.0,1.0,1.0,,,,21,41,8,839.6872798,2,1.0
105,173,2021-05-11_15-13-09_000.mov,,,1.0,,,,,,,,64.0,56.0,19.0,657.2189655,2.0,1.0,1.0,,,,64,56,19,657.2189655,2,1.0
106,174,2021-06-08_13-33-05_000.mov,,,1.0,,,,,,,,35.0,46.0,4.0,872.6759857,2.0,1.0,1.0,,,,35,46,4,872.6759857,2,1.0
107,175,2021-06-11_10-36-36_000.mov,,,1.0,,,,,,,,49.0,59.0,12.0,965.0726666,2.0,1.0,1.0,,,,49,59,12,965.0726666,2,1.0
108,176,2021-06-22_12-29-57_000.mov,,,1.0,,,,,,,,14.0,28.0,2.0,1095.067301,2.0,1.0,1.0,,,,14,28,2,1095.067301,2,1.0
109,177,2021-06-25_15-16-48_000.mov,,,1.0,,,,,,,,14.0,37.0,9.0,898.6649336,2.0,1.0,1.0,,,,14,37,9,898.6649336,2,1.0
110,178,2021-06-28_15-18-37_000.mov,,,,,1.0,,,,,,114.0,70.0,18.0,534.0657285,2.0,2.0,1.0,,,,114,70,18,534.0657285,2,1.0
111,179,2021-06-29_10-18-12_000.mov,,,,1.0,,,,,,,24.0,42.0,8.0,955.3088765,2.0,3.0,,,1.0,Seems to hear owner,24,42,8,955.3088765,2,2.0
112,180,2021-07-01_10-53-08_000.mov,,,,,,,,no info at all,,,14.0,29.0,5.0,1112.063747,2.0,,1.0,,,,14,29,5,1112.063747,2,1.0
113,181,2021-07-01_10-53-40_000.mov,,,1.0,,,,,,,,22.0,61.0,8.0,1201.008537,2.0,1.0,1.0,,,,22,61,8,1201.008537,2,1.0
114,182,2021-07-01_11-50-16_000.mov,,,,,1.0,,,almost blind but could see big black things,,,22.0,41.0,7.0,947.697131,2.0,2.0,1.0,,,,22,41,7,947.697131,2,1.0
115,183,2021-07-02_12-47-45_000.mov,,,,1.0,,,,,,,10.0,25.0,2.0,1193.923241,2.0,3.0,,,1.0,Walks slow,10,25,2,1193.923241,2,2.0
116,184,2021-07-06_10-57-46_000.mov,,,,1.0,,,,,,,35.0,32.0,6.0,705.6928472,2.0,3.0,,,1.0,Walks without orientation,35,32,6,705.6928472,2,2.0
117,185,2021-07-08_12-26-13_000.mov,,,1.0,,,,,,,,49.0,48.0,5.0,654.3087117,2.0,1.0,1.0,,,,49,48,5,654.3087117,2,1.0
118,186,2021-07-12_11-04-54_000.mov,,,1.0,,,,,,,,26.0,27.0,10.0,713.7542687,2.0,1.0,1.0,,,,26,27,10,713.7542687,2,1.0
119,187,2021-07-19_10-02-03_000.mov,,,1.0,,,,,,,,29.0,46.0,9.0,1015.100991,2.0,1.0,1.0,,,,29,46,9,1015.100991,2,1.0
120,188,2021-07-19_16-16-36_000.mov,,,1.0,,,,,,,,17.0,47.0,4.0,1469.630592,2.0,1.0,1.0,,,,17,47,4,1469.630592,2,1.0
121,189,2021-07-26_11-40-39_000.mov,,,1.0,,,,,,,,26.0,63.0,5.0,1071.714311,2.0,1.0,1.0,,,,26,63,5,1071.714311,2,1.0
122,190,2021-07-26_16-58-23_000.mov,,,,,1.0,,,almost blind but could see big black things,,,27.0,72.0,13.0,1262.790638,2.0,2.0,1.0,,,,27,72,13,1262.790638,2,1.0
123,191,2021-08-06_09-39-22_000.mov,,,1.0,,,,,,,,15.0,52.0,7.0,1146.468309,2.0,1.0,1.0,,,,15,52,7,1146.468309,2,1.0
124,192,2021-08-12_10-32-58_000.mov,,,,1.0,,,,,,,24.0,48.0,8.0,965.7843457,2.0,3.0,,,1.0,Seems to hear owner,24,48,8,965.7843457,2,2.0
125,193,2021-08-12_10-44-12_000.mov,,,,,1.0,,,,,,45.0,81.0,10.0,993.9251261,2.0,2.0,1.0,,,,45,81,10,993.9251261,2,1.0
126,194,2021-08-16_11-49-15_000.mov,,,,1.0,,,,,,,15.0,36.0,6.0,1253.416201,2.0,3.0,,,1.0,Walks slow,15,36,6,1253.416201,2,2.0
127,195,2021-08-17_13-39-56_000.mov,,,1.0,,,,,,,,16.0,33.0,5.0,1353.048588,2.0,1.0,1.0,,,,16,33,5,1353.048588,2,1.0
128,196,2021-08-17_15-27-32_000.mov,,,,,,,,doesn’t move at all,,,20.0,30.0,3.0,1045.902701,2.0,,1.0,,,,20,30,3,1045.902701,2,1.0
129,197,2021-08-24_12-56-59_000.mov,,,,1.0,,,,,,,27.0,60.0,13.0,1220.225851,2.0,3.0,1.0,,,,27,60,13,1220.225851,2,1.0
130,198,2021-08-27_14-35-57_000.mov,,,,,1.0,,,,,,15.0,33.0,4.0,1102.685387,2.0,2.0,1.0,,,,15,33,4,1102.685387,2,1.0
131,199,2021-08-30_16-22-06_000.mov,,,1.0,,,,,,,,37.0,44.0,6.0,949.2466881,2.0,1.0,1.0,,,,37,44,6,949.2466881,2,1.0
132,200,2021-09-02_12-23-47_000.mov,,,1.0,,,,,,,,27.0,53.0,10.0,1186.857045,2.0,1.0,1.0,,,,27,53,10,1186.857045,2,1.0
133,201,2021-09-13_10-28-16_000.mov,,,1.0,,,,,,,,18.0,34.0,7.0,1037.082356,2.0,1.0,1.0,,,,18,34,7,1037.082356,2,1.0
134,202,2021-09-14_12-06-08_000.mov,,,1.0,,,,,,,,13.0,53.0,13.0,1062.259792,2.0,1.0,1.0,,,,13,53,13,1062.259792,2,1.0
135,203,2021-09-20_15-14-59_000.mov,,,1.0,,,,,,,,24.0,43.0,5.0,1107.633077,2.0,1.0,,1.0,,,24,43,5,1107.633077,2,3.0
136,204,2021-09-20_16-18-09_000.mov,,,1.0,,,,,,,,15.0,39.0,7.0,989.2166198,2.0,1.0,,,1.0,Walks without orientation,15,39,7,989.2166198,2,2.0
137,205,2021-09-21_17-08-35_000.mov,,,,,1.0,,,there is no enough data,,,8.0,30.0,1.0,1243.24285,2.0,2.0,,,1.0,Walks unsure,8,30,1,1243.24285,2,2.0
138,206,2021-09-23_11-22-50_000.mov,,,,1.0,,,,,,,37.0,80.0,16.0,1174.21485,2.0,3.0,1.0,,,,37,80,16,1174.21485,2,1.0
139,207,2021-09-24_11-12-25_000.mov,,,,1.0,,,,,,,15.0,35.0,1.0,1118.328627,2.0,3.0,,1.0,,,15,35,1,1118.328627,2,3.0
140,208,2021-10-05_10-04-26_000.mov,,,1.0,,,,,,,,41.0,90.0,20.0,1017.649974,2.0,1.0,1.0,,,,41,90,20,1017.649974,2,1.0
141,209,2021-10-11_17-12-55_000.mov,,,,1.0,,,,,,,28.0,57.0,4.0,1134.355562,2.0,3.0,,,1.0,Seems to smell objects,28,57,4,1134.355562,2,2.0
142,210,2021-10-12_10-43-00_000.mov,,,1.0,,,,,,,,53.0,118.0,28.0,1039.343364,2.0,1.0,1.0,,,,53,118,28,1039.343364,2,1.0
143,211,2021-10-19_12-07-43_000.mov,,,1.0,,,,,,,,30.0,78.0,12.0,1073.882525,2.0,1.0,1.0,,,,30,78,12,1073.882525,2,1.0
144,212,2021-10-21_12-09-42_000.mov,,,1.0,,,,,,,,42.0,52.0,8.0,744.71557,2.0,1.0,1.0,,,,42,52,8,744.71557,2,1.0
145,213,2021-11-02_13-02-05_000.mov,,,1.0,,,,,doesn’t move at all,,,26.0,65.0,23.0,801.3862781,2.0,1.0,1.0,,,,26,65,23,801.3862781,2,1.0
146,214,2021-11-08_16-13-25_000.mov,,,1.0,,,,,,,,30.0,57.0,8.0,1205.523863,2.0,1.0,1.0,,,,30,57,8,1205.523863,2,1.0
147,215,2021-11-09_10-01-28_000.mov,,,,,1.0,,,,,,9.0,33.0,1.0,1432.509465,2.0,2.0,,,1.0,,9,33,1,1432.509465,2,2.0
148,216,2021-12-10_14-54-26_000.mov,,,,1.0,,,,,,,5.0,25.0,4.0,1489.665076,1.0,3.0,,1.0,,,5,25,4,1489.665076,1,3.0
149,217,2021-12-13_12-12-39_000.mov,,,1.0,,,,,,,,48.0,41.0,9.0,815.7215594,2.0,1.0,1.0,,,,48,41,9,815.7215594,2,1.0
150,218,2021-12-14_11-05-54_000.mov,,,,1.0,,,,,,,37.0,81.0,23.0,1010.556388,2.0,3.0,1.0,,,,37,81,23,1010.556388,2,1.0
151,219,2021-12-16_10-34-06_000.mov,,,1.0,,,,,,,,43.0,57.0,14.0,789.2911904,2.0,1.0,1.0,,,,43,57,14,789.2911904,2,1.0
152,220,2021-12-20_11-45-58_000.mov,,,1.0,,,,,,,,42.0,59.0,16.0,844.0585976,2.0,1.0,1.0,,,,42,59,16,844.0585976,2,1.0
153,221,2022-01-04_16-07-54_000.mov,,,,1.0,,,,,,,2.0,30.0,5.0,1509.985094,1.0,3.0,,1.0,,,2,30,5,1509.985094,1,3.0
154,222,2022-01-13_11-06-39_000.mov,,,1.0,,,,,,,,30.0,38.0,3.0,832.5210159,2.0,1.0,1.0,,,,30,38,3,832.5210159,2,1.0
155,223,2022-01-25_10-35-49_000.mov,,,1.0,,,,,,,,30.0,33.0,6.0,874.7026779,2.0,1.0,,,1.0,,30,33,6,874.7026779,2,2.0
156,224,2022-01-31_16-25-39_000.mov,,,1.0,,,,,,,,27.0,46.0,8.0,898.3449327,2.0,1.0,1.0,,,,27,46,8,898.3449327,2,1.0
157,225,2022-02-01_12-08-09_000.mov,,,1.0,,,,,,,,18.0,31.0,9.0,1099.210923,2.0,1.0,1.0,,,,18,31,9,1099.210923,2,1.0
158,226,2022-02-08_11-25-30_000.mov,,,1.0,,,,,,,,24.0,40.0,5.0,850.1016735,2.0,1.0,1.0,,,,24,40,5,850.1016735,2,1.0
159,227,2022-02-22_11-11-41_000.mov,,,1.0,,,,,doesn’t move at all,,,26.0,38.0,10.0,840.8093752,2.0,1.0,1.0,,,,26,38,10,840.8093752,2,1.0
160,228,2022-02-25_11-34-14_000.mov,,,,1.0,,,,,,,11.0,39.0,4.0,1237.741036,2.0,3.0,,,1.0,Walks without orientation,11,39,4,1237.741036,2,2.0
161,229,2022-03-25_09-28-34_000.mov,,,,,1.0,,,,,,26.0,37.0,7.0,756.3743726,2.0,2.0,1.0,,,,26,37,7,756.3743726,2,1.0
162,230,2022-04-01_13-46-21_000.mov,,,,1.0,,,,,,,18.0,49.0,16.0,898.3088577,2.0,3.0,,,1.0,Walks without orientation,18,49,16,898.3088577,2,2.0
163,231,2022-04-22_12-34-24_000.mov,,,,1.0,,,,,,,13.0,24.0,4.0,948.9570375,2.0,3.0,,1.0,,,13,24,4,948.9570375,2,3.0
164,232,2022-04-22_14-57-10_000.mov,,,,,1.0,,,"the dog hit his head once, but on the side without an eye",,,37.0,76.0,13.0,1077.475958,2.0,2.0,1.0,,,,37,76,13,1077.475958,2,1.0
165,233,2022-04-28_10-47-40_000.mov,,,1.0,,,,,,,,31.0,49.0,12.0,933.5330379,2.0,1.0,1.0,,,,31,49,12,933.5330379,2,1.0
166,234,2022-05-06_10-27-36_000.mov,,,1.0,,,,,,,,29.0,49.0,15.0,833.7370857,2.0,1.0,1.0,,,,29,49,15,833.7370857,2,1.0
167,235,2022-05-10_13-37-34_000.mov,,,1.0,,,,,,,,15.0,27.0,2.0,891.631236,2.0,1.0,1.0,,,,15,27,2,891.631236,2,1.0
168,236,2022-07-21_12-12-27_000.mov,,,,1.0,,,,,,,55.0,55.0,7.0,653.4869084,2.0,3.0,,,1.0,Seems to smell objects,55,55,7,653.4869084,2,2.0
169,237,2022-07-21_12-35-36_000.mov,,,1.0,,,,,,,,45.0,53.0,13.0,836.9962169,2.0,1.0,1.0,,,,45,53,13,836.9962169,2,1.0
170,238,2022-07-25_11-07-09_000.mov,,,1.0,,,,,,,,23.0,45.0,10.0,959.7602722,2.0,1.0,1.0,,,,23,45,10,959.7602722,2,1.0
171,239,2022-08-05_12-37-33_000.mov,,,1.0,,,,,,,,32.0,71.0,14.0,929.1050803,2.0,1.0,1.0,,,,32,71,14,929.1050803,2,1.0
172,240,2022-08-09_10-35-02_000.mov,,,1.0,,,,,,,,9.0,35.0,6.0,1218.810857,2.0,1.0,1.0,,,,9,35,6,1218.810857,2,1.0
173,241,2022-08-18_10-27-33_000.mov,,,,,1.0,,,there is no enough data,,,6.0,26.0,2.0,1546.133072,1.0,2.0,,,1.0,Seems to smell objects,6,26,2,1546.133072,1,2.0
174,242,2022-08-29_10-46-38_000.mov,,,,,1.0,,,there is no enough data,,,9.0,36.0,3.0,1032.318032,2.0,2.0,,1.0,,,9,36,3,1032.318032,2,3.0
175,243,2022-09-26_14-52-58_000.mov,,,1.0,,,,,,,,32.0,49.0,9.0,953.6559938,2.0,1.0,1.0,,,,32,49,9,953.6559938,2,1.0
176,244,2022-09-29_10-40-26_000.mov,,,1.0,,,,,,,,53.0,71.0,17.0,966.1717659,2.0,1.0,1.0,,,,53,71,17,966.1717659,2,1.0
177,245,2022-10-07_10-21-01_000.mov,,,,1.0,,,,it passed it but i think it couldnt see well,,,8.0,35.0,5.0,1241.15443,2.0,3.0,,,1.0,Seems to hear calling,8,35,5,1241.15443,2,2.0
178,246,2022-10-11_09-56-13_000.mov,,,1.0,,,,,,,,32.0,42.0,10.0,864.9434685,2.0,1.0,1.0,,,,32,42,10,864.9434685,2,1.0
179,247,2022-10-11_10-37-28_000.mov,,,1.0,,,,,,,,4.0,25.0,3.0,1297.114727,1.0,1.0,,,1.0,Seems to hear calling,4,25,3,1297.114727,1,2.0
180,248,2022-11-18_15-59-50_000.mov,,,,1.0,,,,,,,9.0,30.0,3.0,990.9239719,2.0,3.0,,1.0,,,9,30,3,990.9239719,2,3.0
181,249,2022-12-05_16-37-25_000.mov,,,1.0,,,,,,,,41.0,61.0,18.0,715.4759465,2.0,1.0,1.0,,,,41,61,18,715.4759465,2,1.0
182,250,2022-12-06_10-40-31_000.mov,,,1.0,,,,,,,,23.0,49.0,4.0,1008.015787,2.0,1.0,1.0,,,,23,49,4,1008.015787,2,1.0
183,251,2023-01-09_17-03-29_000.mov,,,1.0,,,,,,,,44.0,38.0,11.0,633.7956184,2.0,1.0,,,1.0,Seems to smell objects,44,38,11,633.7956184,2,2.0
184,252,2023-01-16_10-41-51_000 (1).mov,,,1.0,,,,,,,,4.0,18.0,1.0,1407.514909,1.0,1.0,1.0,,,,4,18,1,1407.514909,1,1.0
185,253,2023-01-16_10-41-51_000.mov,,,1.0,,,,,,,,4.0,18.0,1.0,1407.514909,1.0,1.0,1.0,,,,4,18,1,1407.514909,1,1.0
186,254,2023-01-26_11-45-32_000 (1).mov,,,1.0,,,,,,,,13.0,32.0,2.0,1317.940748,2.0,1.0,1.0,,,,13,32,2,1317.940748,2,1.0
187,255,2023-01-26_11-45-32_000.mov,,,1.0,,,,,,,,13.0,32.0,2.0,1317.940748,2.0,1.0,1.0,,,,13,32,2,1317.940748,2,1.0
188,256,2023-01-30_11-07-17_000.mov,,,1.0,,,,,,,,35.0,42.0,7.0,839.640308,2.0,1.0,1.0,,,,35,42,7,839.640308,2,1.0
189,257,2023-01-31_12-51-12_000.mov,,,,,,,,a possible moment of collision was blocked by a basket,,,13.0,32.0,2.0,1114.963381,2.0,,1.0,,,,13,32,2,1114.963381,2,1.0
190,258,2023-02-14_12-32-25_000.mov,,,1.0,,,,,,,,2.0,16.0,1.0,1348.118022,1.0,1.0,,,1.0,Seems to smell objects,2,16,1,1348.118022,1,2.0
191,259,2023-03-03_10-27-13_000.mov,,,1.0,,,,,,,,22.0,60.0,21.0,889.0114993,2.0,1.0,,,1.0,Seems to smell objects,22,60,21,889.0114993,2,2.0
192,260,2023-03-10_11-30-13_000.mov,,,1.0,,,,,,,,20.0,42.0,9.0,948.52287,2.0,1.0,1.0,,,,20,42,9,948.52287,2,1.0
193,261,2023-03-16_10-23-03_000.mov,,,,,1.0,,,almost blind,,,29.0,42.0,9.0,1161.64314,2.0,2.0,1.0,,,,29,42,9,1161.64314,2,1.0
194,262,2023-04-04_11-31-17_000.mov,,,1.0,,,,,,,,13.0,29.0,6.0,1179.645176,2.0,1.0,1.0,,,,13,29,6,1179.645176,2,1.0
195,263,2023-04-10_10-22-53_000.mov,,,1.0,,,,,blind or almost blind,,,7.0,35.0,3.0,1425.76303,1.0,1.0,1.0,,,,7,35,3,1425.76303,1,1.0
196,264,2023-05-04_11-00-40_000.mov,,,1.0,,,,,,,,29.0,54.0,5.0,1066.43083,2.0,1.0,1.0,,,,29,54,5,1066.43083,2,1.0
197,265,2023-05-05_12-14-04_000.mov,,,1.0,,,,,there is no enough data,,,13.0,33.0,4.0,1106.460655,2.0,1.0,1.0,,,,13,33,4,1106.460655,2,1.0
198,266,2023-05-16_11-56-37_000.mov,,,1.0,,,,,blind or almost blind,,,24.0,49.0,16.0,715.8389819,2.0,1.0,1.0,,,,24,49,16,715.8389819,2,1.0
199,267,2023-06-08_11-17-33_000.mov,,,1.0,,,,,,,,41.0,60.0,14.0,872.3517897,2.0,1.0,1.0,,,,41,60,14,872.3517897,2,1.0
200,268,2023-06-09_12-01-57_000.mov,,,1.0,,,,,,,,11.0,28.0,2.0,1182.952677,2.0,1.0,1.0,,,,11,28,2,1182.952677,2,1.0
201,269,2023-06-13_09-27-56_000.mov,,,,1.0,,,,probably decreased. I guess,,,8.0,23.0,8.0,963.0769913,2.0,3.0,,1.0,,,8,23,8,963.0769913,2,3.0
202,270,2023-06-16_12-00-41_000.mov,,,1.0,,,,,,,,3.0,22.0,5.0,1004.697444,1.0,1.0,1.0,,,,3,22,5,1004.697444,1,1.0
203,271,2023-06-29_14-23-32_000.mov,,,1.0,,,,,,,,4.0,23.0,3.0,1975.356691,1.0,1.0,,1.0,,,4,23,3,1975.356691,1,3.0
204,272,2023-07-11_10-51-50_000.mov,,,1.0,,,,,probably it could see big objects,,,17.0,22.0,5.0,564.4529033,2.0,1.0,1.0,,,,17,22,5,564.4529033,2,1.0
205,273,2023-07-14_10-35-28_000.mov,,,1.0,,,,,,,,13.0,27.0,4.0,1017.978192,2.0,1.0,1.0,,,,13,27,4,1017.978192,2,1.0
206,274,2023-07-28_13-38-42_000.mov,,,,,1.0,,,there is no enough data,,,15.0,25.0,4.0,1014.373054,2.0,2.0,1.0,,,,15,25,4,1014.373054,2,1.0
207,275,2023-08-03_13-16-43_000.mov,,,1.0,,,,,,,,18.0,30.0,4.0,977.9680214,2.0,1.0,1.0,,,,18,30,4,977.9680214,2,1.0
208,276,2023-09-08_12-16-26_000.mov,,,1.0,,,,,,,,28.0,44.0,12.0,793.9708836,2.0,1.0,1.0,,,,28,44,12,793.9708836,2,1.0
209,277,2023-09-12_11-25-07_000.mov,,,,1.0,,,,,,,9.0,38.0,5.0,1245.653966,2.0,3.0,,1.0,,,9,38,5,1245.653966,2,3.0
210,278,2023-09-14_10-17-33_000.mov,,,,1.0,,,,,,,7.0,21.0,1.0,1360.652994,1.0,3.0,,1.0,,,7,21,1,1360.652994,1,3.0
211,279,2023-10-06_12-34-00_000.mov,,,1.0,,,,,,,,33.0,65.0,15.0,970.990583,2.0,1.0,1.0,,,,33,65,15,970.990583,2,1.0
212,280,2023-10-12_09-55-49_000.mov,,,1.0,,,,,,,,51.0,68.0,17.0,947.2223039,2.0,1.0,1.0,,,,51,68,17,947.2223039,2,1.0
213,281,2023-10-16_11-03-30_000.mov,,,1.0,,,,,,,,11.0,20.0,6.0,819.3778445,2.0,1.0,1.0,,,,11,20,6,819.3778445,2,1.0
214,282,2023-10-17_10-48-43_000.mov,,,1.0,,,,,,,,14.0,38.0,11.0,1113.793764,2.0,1.0,1.0,,,,14,38,11,1113.793764,2,1.0
215,283,2023-10-27_14-05-34_000.mov,,,,1.0,,,,there is no enough data,,,14.0,48.0,11.0,1034.922501,2.0,3.0,1.0,,,,14,48,11,1034.922501,2,1.0
216,284,2023-11-09_11-54-49_000.mov,,,1.0,,,,,,,,16.0,23.0,7.0,664.9977418,2.0,1.0,1.0,,,,16,23,7,664.9977418,2,1.0
217,285,2023-11-14_10-05-28_000.mov,,,1.0,,,,,,,,15.0,47.0,9.0,1303.819297,2.0,1.0,1.0,,,,15,47,9,1303.819297,2,1.0
218,286,2023-11-22_19-15-28_000.mov,,,1.0,,,,,,,,37.0,43.0,9.0,810.975587,2.0,1.0,1.0,,,,37,43,9,810.975587,2,1.0
219,287,2023-11-30_11-16-30_000.mov,,,1.0,,,,,,,,21.0,45.0,9.0,924.35859,2.0,1.0,,,1.0,Seems to smell objects,21,45,9,924.35859,2,2.0
220,288,2023-12-07_15-09-56_000.mov,,,,1.0,,,,there is no enough data,,,14.0,26.0,5.0,1155.089298,2.0,3.0,,1.0,,,14,26,5,1155.089298,2,3.0
221,289,2023-12-14_11-10-13_000.mov,,,,,1.0,,,,,,22.0,28.0,7.0,890.8904039,2.0,2.0,1.0,,,,22,28,7,890.8904039,2,1.0
222,290,2024-01-02_10-09-05_000.mov,,,1.0,,,,,,,,15.0,36.0,12.0,1017.266194,2.0,1.0,1.0,,,,15,36,12,1017.266194,2,1.0
223,291,2024-01-11_11-11-23_000.mov,,,,,1.0,,,,,,8.0,22.0,2.0,1347.321893,2.0,2.0,,,1.0,Walks very slow,8,22,2,1347.321893,2,2.0
224,292,2024-01-23_11-51-44_000.mov,,,,1.0,,,,,,,26.0,37.0,6.0,896.5992547,2.0,3.0,,1.0,,,26,37,6,896.5992547,2,3.0
225,293,2024-02-09_13-37-59_000.mov,,,1.0,,,,,,,,22.0,27.0,7.0,638.4328525,2.0,1.0,1.0,,,,22,27,7,638.4328525,2,1.0
226,294,2024-02-12_12-30-59_000.mov,,,1.0,,,,,,,,6.0,42.0,8.0,1571.242569,1.0,1.0,1.0,,,,6,42,8,1571.242569,1,1.0
227,295,2024-02-15_10-45-29_000.mov,,,1.0,,,,,,,,29.0,27.0,11.0,630.1176043,2.0,1.0,1.0,,,,29,27,11,630.1176043,2,1.0
228,296,2024-02-15_11-50-58_000.mov,,,1.0,,,,,,,,20.0,23.0,3.0,1020.543813,2.0,1.0,1.0,,,,20,23,3,1020.543813,2,1.0
229,297,2024-02-26_11-16-32_000.mov,,,1.0,,,,,,,,16.0,36.0,9.0,1104.434103,2.0,1.0,1.0,,,,16,36,9,1104.434103,2,1.0
230,298,2024-03-04_10-43-45_000.mov,,,1.0,,,,,,,,7.0,29.0,7.0,1150.689114,1.0,1.0,1.0,,,,7,29,7,1150.689114,1,1.0
231,299,2024-03-07_11-02-10_000.mov,,,1.0,,,,,,,,16.0,34.0,4.0,1252.997402,2.0,1.0,1.0,,,,16,34,4,1252.997402,2,1.0
232,300,2024-03-13_09-35-34_000.mov,,,,1.0,,,,,,,4.0,18.0,3.0,1496.989791,1.0,3.0,,1.0,,,4,18,3,1496.989791,1,3.0
233,301,2024-03-18_16-09-34_000.mov,,,1.0,,,,,,,,45.0,34.0,10.0,629.8811312,2.0,1.0,1.0,,,,45,34,10,629.8811312,2,1.0
234,302,2024-03-25_09-27-27_000.mov,,,1.0,,,,,there is no enough data,,,14.0,32.0,10.0,1089.113071,2.0,1.0,1.0,,,,14,32,10,1089.113071,2,1.0
235,303,2024-03-26_12-15-29_000.mov,,,,1.0,,,,,,,1.0,23.0,1.0,1514.813269,1.0,3.0,,,1.0,Seems to smell objects,1,23,1,1514.813269,1,2.0
236,304,2024-04-01_11-25-35_000.mov,,,1.0,,,,,,,,5.0,12.0,3.0,1165.988162,1.0,1.0,1.0,,,,5,12,3,1165.988162,1,1.0
237,305,2024-04-16_10-28-44_000.mov,,,,,1.0,,,almost blind,,,32.0,63.0,15.0,993.9476508,2.0,2.0,,,1.0,Hits chair once,32,63,15,993.9476508,2,2.0
238,306,2024-04-23_11-20-52_000.mov,,,1.0,,,,,,,,30.0,59.0,15.0,974.1954445,2.0,1.0,1.0,,,,30,59,15,974.1954445,2,1.0
239,307,2024-05-03_12-21-17_000.mov,,,1.0,,,,,,,,4.0,14.0,3.0,990.7483491,1.0,1.0,,,1.0,Walks slow,4,14,3,990.7483491,1,2.0
240,308,2024-05-06_11-37-54_000.mov,,,1.0,,,,,,,,11.0,35.0,2.0,1234.119505,2.0,1.0,1.0,,,,11,35,2,1234.119505,2,1.0
241,309,2024-05-06_15-12-00_000.mov,,,,,1.0,,,probably collided once but the obstacle blocked this fact,,,9.0,23.0,5.0,1326.631434,2.0,2.0,,,1.0,Walks slow,9,23,5,1326.631434,2,2.0
242,310,2024-05-07_16-17-12_000.mov,,,1.0,,,,,,,,42.0,84.0,19.0,981.9234951,2.0,1.0,1.0,,,,42,84,19,981.9234951,2,1.0
243,311,2024-05-09_11-10-46_000.mov,,,,,1.0,,,no enough data,,,33.0,30.0,9.0,727.9431828,2.0,2.0,,,1.0,Walks without orientation,33,30,9,727.9431828,2,2.0
244,312,2024-05-16_11-54-35_000.mov,,,1.0,,,,,,,,11.0,18.0,5.0,960.878689,2.0,1.0,1.0,,,,11,18,5,960.878689,2,1.0
245,313,2024-06-17_11-47-49_000.mov,,,1.0,,,,,,,,12.0,26.0,3.0,828.187575,2.0,1.0,1.0,,,,12,26,3,828.187575,2,1.0
246,314,2024-06-21_10-49-08_000.mov,,,,,1.0,,,no enough data,,,19.0,26.0,4.0,887.4845017,2.0,2.0,,,1.0,Seems to smell objects,19,26,4,887.4845017,2,2.0
247,315,2024-07-09_13-01-49_000.mov,,,1.0,,,,,,,,15.0,49.0,5.0,1304.157039,2.0,1.0,1.0,,,,15,49,5,1304.157039,2,1.0
248,316,2024-07-15_11-54-13_000.mov,,,1.0,,,,,,,,12.0,20.0,1.0,1328.669918,2.0,1.0,1.0,,,,12,20,1,1328.669918,2,1.0
249,317,2024-07-25_10-46-27_000.mov,,,1.0,,,,,"no enough data, may be was blind",,,13.0,74.0,16.0,1370.430577,2.0,1.0,1.0,,,,13,74,16,1370.430577,2,1.0
250,318,2024-07-30_10-45-00_000 (1).mov,,,1.0,,,,,,,,24.0,31.0,7.0,736.8161831,2.0,1.0,1.0,,,,24,31,7,736.8161831,2,1.0
251,319,2024-08-05_14-33-21_000.mov,,,1.0,,,,,,,,29.0,54.0,13.0,956.0325232,2.0,1.0,1.0,,,,29,54,13,956.0325232,2,1.0
252,320,2024-08-06_11-34-36_000.mov,,,1.0,,,,,no enough data,,,21.0,23.0,5.0,476.2247016,2.0,1.0,1.0,,,,21,23,5,476.2247016,2,1.0
253,321,2024-08-07_10-09-17_000.mov,,,,1.0,,,,passed it but maybe had decreased sight,,,8.0,28.0,5.0,1047.90173,2.0,3.0,,1.0,,,8,28,5,1047.90173,2,3.0
254,322,2024-08-08_11-46-28_000.mov,,,1.0,,,,,,,,24.0,29.0,12.0,626.0666864,2.0,1.0,1.0,,,,24,29,12,626.0666864,2,1.0
255,323,2024-08-13_13-02-50_000.mov,,,1.0,,,,,,,,15.0,35.0,5.0,1038.866194,2.0,1.0,1.0,,,head turned to the side,15,35,5,1038.866194,2,1.0
256,324,2024-08-15_11-00-43_000.mov,,,1.0,,,,,,,,13.0,11.0,5.0,722.1905207,2.0,1.0,1.0,,,,13,11,5,722.1905207,2,1.0
257,325,2024-08-20_10-59-50_000.mov,,,1.0,,,,,probably it could see big objects,,,23.0,33.0,10.0,1091.002282,2.0,1.0,,,1.0,,23,33,10,1091.002282,2,2.0
258,326,2024-08-27_15-16-11_000.mov,,,1.0,,,,,probably it could see big objects,,,32.0,52.0,9.0,900.5547575,2.0,1.0,,,1.0,,32,52,9,900.5547575,2,2.0
259,327,2024-08-29_15-26-27_000.mov,,,1.0,,,,,,,,33.0,56.0,12.0,1341.529934,2.0,1.0,1.0,,,,33,56,12,1341.529934,2,1.0
260,328,2024-09-09_11-10-39_000.mov,,,,1.0,,,,,,,10.0,13.0,2.0,941.0227467,2.0,3.0,,,1.0,walks straight to the owner,10,13,2,941.0227467,2,2.0
261,329,2024-09-19_10-39-41_000.mov,,,1.0,,,,,,,,21.0,17.0,4.0,807.7008581,3.0,1.0,1.0,,,,21,17,4,807.7008581,3,1.0
262,330,2024-09-24_14-46-58_000.mov,,,1.0,,,,,probably it could see big objects,,,1.0,17.0,0.0,1835.315958,1.0,1.0,,,1.0,avoid almost all objects,1,17,0,1835.315958,1,2.0
263,331,2024-09-26_10-06-32_000.mov,,,,,1.0,,,probably was blind but lucky,,,12.0,25.0,4.0,1080.640578,2.0,2.0,,,1.0,,12,25,4,1080.640578,2,2.0
264,332,2024-10-01_12-49-28_000.mov,,,,,1.0,,,,,,17.0,32.0,5.0,1039.435937,2.0,2.0,,1.0,,,17,32,5,1039.435937,2,3.0
265,333,2024-10-01_14-23-11_000.mov,,,1.0,,,,,,,,4.0,19.0,1.0,1557.52943,1.0,1.0,1.0,,,,4,19,1,1557.52943,1,1.0
266,334,2024-10-28_10-36-22_000.mov,,,1.0,,,,,,,,22.0,19.0,6.0,510.9309166,3.0,1.0,1.0,,,,22,19,6,510.9309166,3,1.0
267,335,2024-10-28_15-21-57_000.mov,,,,1.0,,,,,,,2.0,17.0,0.0,1680.332256,1.0,3.0,,1.0,,walks fast to the owner,2,17,0,1680.332256,1,3.0
268,336,2024-10-29_11-19-09_000.mov,,,1.0,,,,,,,,4.0,41.0,6.0,1512.336895,1.0,1.0,,,1.0,,4,41,6,1512.336895,1,2.0
269,337,2024-10-29_11-21-12_000.mov,,,,1.0,,,,,,,5.0,14.0,1.0,1349.018267,1.0,3.0,,1.0,,,5,14,1,1349.018267,1,3.0
270,338,2024-10-31_11-26-27_000.mov,,,,,1.0,,,probably was blind but lucky,,,25.0,37.0,8.0,851.7093573,2.0,2.0,1.0,,,,25,37,8,851.7093573,2,1.0
271,339,2024-11-01_11-05-33_000.mov,,,,1.0,,,,could have decreased vision,,,23.0,54.0,8.0,970.0978708,2.0,3.0,,,1.0,,23,54,8,970.0978708,2,2.0
272,340,2024-12-02_10-38-55_000.mov,,,1.0,,,,,,,,7.0,24.0,6.0,1050.413485,1.0,1.0,1.0,,,,7,24,6,1050.413485,1,1.0
273,341,2024-12-10_13-14-51_000.mov,,,,1.0,,,,could have decreased vision,,,3.0,15.0,2.0,1307.012383,1.0,3.0,,1.0,,,3,15,2,1307.012383,1,3.0
274,342,2024-12-12_09-36-29_000.mov,,,,1.0,,,,,,,2.0,9.0,0.0,1135.948388,1.0,3.0,,1.0,,,2,9,0,1135.948388,1,3.0
275,343,2024-12-16_10-10-43_000.mov,,,1.0,,,,,probably it could see big objects or a single eye was somehow visual,,,38.0,53.0,13.0,791.1562078,2.0,1.0,1.0,,,,38,53,13,791.1562078,2,1.0
276,344,2024-12-17_12-23-51_000.mov,,,,,1.0,,,there is no enough data,,,31.0,38.0,9.0,712.4149496,2.0,2.0,,,1.0,relies on owner voice,31,38,9,712.4149496,2,2.0
277,345,2024-12-17_17-35-27_000.mov,,,,1.0,,,,,,,16.0,62.0,5.0,1471.975921,2.0,3.0,,1.0,,,16,62,5,1471.975921,2,3.0
278,346,2024-12-19_11-22-54_000.mov,,,1.0,,,,,,,,24.0,56.0,14.0,953.6923523,2.0,1.0,1.0,,,,24,56,14,953.6923523,2,1.0
279,347,2025-01-13_11-00-32_000.mov,,,1.0,,,,,,,,8.0,32.0,3.0,1255.074608,2.0,1.0,1.0,,,,8,32,3,1255.074608,2,1.0
280,348,2025-01-14_11-00-54_000.mov,,,1.0,,,,,,,,6.0,11.0,2.0,1035.678195,1.0,1.0,,1.0,,,6,11,2,1035.678195,1,3.0
281,349,2025-02-03_12-24-18_000.mov,,,,,1.0,,,could see big objects,,,12.0,26.0,8.0,1121.601769,2.0,2.0,,,1.0,avoid all objects but probadly smells them,12,26,8,1121.601769,2,2.0
282,350,2025-02-05_09-38-40_000.mov,,,1.0,,,,,,,,3.0,15.0,1.0,1339.869298,1.0,1.0,1.0,,,,3,15,1,1339.869298,1,1.0
283,351,2025-02-10_11-34-15_000.mov,,,1.0,,,,,,,,8.0,32.0,3.0,1398.284991,2.0,1.0,1.0,,,,8,32,3,1398.284991,2,1.0
284,352,2025-02-11_10-28-40_000.mov,,,,,1.0,,,could see big objects,,,23.0,36.0,4.0,916.7166681,2.0,2.0,1.0,,,,23,36,4,916.7166681,2,1.0
285,353,2025-02-17_10-27-06_000.mov,,,1.0,,,,,,,,48.0,30.0,9.0,637.6082913,2.0,1.0,1.0,,,,48,30,9,637.6082913,2,1.0
286,354,2025-02-20_11-04-48_000.mov,,,,,1.0,,,there is no enough data,,,42.0,101.0,38.0,766.2189656,2.0,2.0,1.0,,,,42,101,38,766.2189656,2,1.0
287,355,2025-02-24_11-06-44_000.mov,,,1.0,,,,,,,,6.0,29.0,5.0,1391.254022,1.0,1.0,1.0,,,,6,29,5,1391.254022,1,1.0
288,356,2025-02-27_11-44-20_000.mov,,,,,1.0,,,almost blind but could see big black things,,,18.0,23.0,6.0,841.9907569,2.0,2.0,,,1.0,avoid all objects but probadly smells them,18,23,6,841.9907569,2,2.0
289,357,2025-03-11_15-01-05_000.mov,,,1.0,,,,,,,,12.0,23.0,6.0,802.7619856,2.0,1.0,1.0,,,,12,23,6,802.7619856,2,1.0
290,358,2025-03-17_11-25-29_000.mov,,,,1.0,,,,the dog passed the maze but was uncertain,,,5.0,32.0,4.0,1565.965639,1.0,3.0,,,1.0,,5,32,4,1565.965639,1,2.0
291,359,2025-03-20_12-54-58_000.mov,,,,,,,,,,,19.0,29.0,6.0,762.9433676,2.0,,,,1.0,,19,29,6,762.9433676,2,2.0
292,360,2025-03-24_12-10-20_000.mov,,,,,,,,,,,7.0,27.0,2.0,1462.571281,1.0,,,,1.0,,7,27,2,1462.571281,1,2.0
293,361,2025-04-07_10-34-04_000.mov,,,,1.0,,,,,,,5.0,11.0,2.0,1253.998607,1.0,3.0,,1.0,,walks fast to the owner,5,11,2,1253.998607,1,3.0
294,362,2025-04-10_09-58-55_000.mov,,,,1.0,,,,,,,12.0,12.0,3.0,850.8700993,2.0,3.0,,1.0,,,12,12,3,850.8700993,2,3.0
295,363,2025-05-29_10-38-20_000.mov,,,,1.0,,,,,,,5.0,18.0,0.0,1375.331695,1.0,3.0,,1.0,,,5,18,0,1375.331695,1,3.0
296,364,2025-05-29_11-56-12_000.mov,,,,1.0,,,,,,,3.0,10.0,0.0,908.8900975,1.0,3.0,,1.0,,walks very fast to the owner,3,10,0,908.8900975,1,3.0
297,365,2025-06-02_10-12-24_000.mov,,,1.0,,,,,there is no enough data. Dog appears completely blind but luckily passed the maze,,,8.0,18.0,1.0,1316.492321,2.0,1.0,1.0,,,,8,18,1,1316.492321,2,1.0
298,366,2025-06-05_11-53-32_000.mov,,,1.0,,,,,,,,36.0,42.0,10.0,759.5962556,2.0,1.0,1.0,,,,36,42,10,759.5962556,2,1.0
299,367,2025-06-10_11-33-20_000.mov,,,,,,,,doesn’t move at all,,,9.0,38.0,9.0,1123.402257,2.0,,,,,,9,38,9,1123.402257,2,
300,380,IMG_0188.MOV,,,,,1.0,,,the dog passed the maze but was uncertain,,,18.0,58.0,10.0,1234.703685,2.0,2.0,,,1.0,avoid all objects but probadly smells them,18,58,10,1234.703685,2,2.0
301,381,IMG_0230.MOV,,,1.0,,,,,,,,54.0,61.0,7.0,992.6951043,2.0,1.0,,1.0,,,54,61,7,992.6951043,2,3.0
302,382,IMG_0236.MOV,,,,,1.0,,,there is no enough data,,,32.0,50.0,3.0,1294.377873,2.0,2.0,,,1.0,walks aimlessly,32,50,3,1294.377873,2,2.0
303,383,IMG_0374.MOV,,,1.0,,,,,,,,27.0,35.0,4.0,776.0020008,2.0,1.0,,,1.0,,27,35,4,776.0020008,2,2.0
304,384,IMG_0484.MOV,,,1.0,,,,,,,,40.0,56.0,9.0,896.5464577,2.0,1.0,1.0,,,uses smell for orientation,40,56,9,896.5464577,2,1.0
305,385,IMG_0568.MOV,,,1.0,,,,,doesn’t move at all,,,37.0,29.0,7.0,633.6459188,2.0,1.0,1.0,,,,37,29,7,633.6459188,2,1.0
306,386,IMG_0979.MOV,,,,1.0,,,,,,,19.0,45.0,6.0,1202.33853,2.0,3.0,,1.0,,,19,45,6,1202.33853,2,3.0
307,387,IMG_1007.MOV,,,,1.0,,,,,,,25.0,34.0,4.0,1124.119859,2.0,3.0,,1.0,,,25,34,4,1124.119859,2,3.0
308,388,IMG_1379.MOV,,,1.0,,,,,,,,27.0,48.0,10.0,886.3277192,2.0,1.0,,,1.0,,27,48,10,886.3277192,2,2.0
309,389,IMG_1915.MOV,,,1.0,,,,,probably it could see big objects,,,38.0,62.0,2.0,832.6703828,2.0,1.0,,,1.0,,38,62,2,832.6703828,2,2.0
310,390,IMG_1944.MOV,,,,,,,,there is no enough data,,,23.0,39.0,8.0,980.2098223,2.0,,,,1.0,,23,39,8,980.2098223,2,2.0
311,391,IMG_2005.MOV,,,,,,,,there is no enough data,,,7.0,32.0,5.0,1241.769348,1.0,,1.0,,,,7,32,5,1241.769348,1,1.0
312,392,IMG_2040.MOV,,,1.0,,,,,,,,10.0,16.0,2.0,760.1860714,2.0,1.0,1.0,,,,10,16,2,760.1860714,2,1.0
313,393,IMG_2075.MOV,,,,,1.0,,,,,,28.0,32.0,8.0,709.1351505,2.0,2.0,1.0,,,uses smell for orientation,28,32,8,709.1351505,2,1.0
314,394,IMG_2089.MOV,,,,,1.0,,,almost blind but could see big black things,,,13.0,32.0,5.0,930.5193798,2.0,2.0,,,1.0,,13,32,5,930.5193798,2,2.0
315,395,IMG_2377.MOV,,,,1.0,,,,,,,9.0,39.0,3.0,1275.142934,2.0,3.0,,1.0,,,9,39,3,1275.142934,2,3.0
316,396,IMG_2406.MOV,,,,1.0,,,,,,,11.0,19.0,3.0,868.0536701,2.0,3.0,,1.0,,,11,19,3,868.0536701,2,3.0
317,397,IMG_2431.MOV,,,,1.0,,,,,,,46.0,34.0,6.0,700.357327,2.0,3.0,,1.0,,,46,34,6,700.357327,2,3.0
318,398,IMG_2748.MOV,,,1.0,,,,,there is no enough data,,,40.0,57.0,11.0,792.9034443,2.0,1.0,1.0,,,,40,57,11,792.9034443,2,1.0
319,399,IMG_3332.MOV,,,1.0,,,,,,,,19.0,22.0,4.0,736.5853997,2.0,1.0,1.0,,,,19,22,4,736.5853997,2,1.0
320,400,IMG_3481.MOV,,,1.0,,,,,,,,13.0,37.0,3.0,1004.947942,2.0,1.0,1.0,,,,13,37,3,1004.947942,2,1.0
321,401,IMG_3660.MOV,,,,1.0,,,,,,,2.0,12.0,1.0,1211.029969,1.0,3.0,,1.0,,,2,12,1,1211.029969,1,3.0
322,402,IMG_3847.MOV,,,1.0,,,,,,,,23.0,49.0,10.0,1087.635576,2.0,1.0,,,1.0,,23,49,10,1087.635576,2,2.0
323,403,IMG_3855.MOV,,,1.0,,,,,,,,14.0,38.0,5.0,1113.552176,2.0,1.0,,,1.0,,14,38,5,1113.552176,2,2.0
324,404,IMG_3874.MOV,,,,1.0,,,,,,,7.0,12.0,0.0,1124.497604,1.0,3.0,,1.0,,,7,12,0,1124.497604,1,3.0
325,405,IMG_3961.MOV,,,,1.0,,,,,,,4.0,43.0,6.0,1637.40234,1.0,3.0,,1.0,,,4,43,6,1637.40234,1,3.0
326,406,IMG_4079.MOV,,,1.0,,,,,,,,15.0,34.0,5.0,975.6733475,2.0,1.0,,,1.0,,15,34,5,975.6733475,2,2.0
327,407,IMG_4331.MOV,,,1.0,,,,,,,,19.0,53.0,6.0,1055.293803,2.0,1.0,,,1.0,,19,53,6,1055.293803,2,2.0
328,408,IMG_4333.MOV,,,,1.0,,,,probably had decreased sight,,,15.0,31.0,8.0,1021.084004,2.0,3.0,,,1.0,,15,31,8,1021.084004,2,2.0
329,409,IMG_4345.MOV,,,1.0,,,,,there is no enough data,,,8.0,19.0,4.0,1011.859672,2.0,1.0,,,1.0,walks slow without orientation,8,19,4,1011.859672,2,2.0
330,410,IMG_4578.MOV,,,,,1.0,,,,,,8.0,42.0,5.0,1189.780964,2.0,2.0,,,1.0,walks slow without clear orientation,8,42,5,1189.780964,2,2.0
331,411,IMG_4762.MOV,,,,1.0,,,,,,,31.0,33.0,6.0,849.3497973,2.0,3.0,,,1.0,,31,33,6,849.3497973,2,2.0
332,412,IMG_4849.MOV,,,,1.0,,,,,,,2.0,6.0,0.0,1251.105205,1.0,3.0,,1.0,,,2,6,0,1251.105205,1,3.0
333,413,IMG_4946.MOV,,,,,,,,,,,24.0,46.0,12.0,852.6015433,2.0,,1.0,,,,24,46,12,852.6015433,2,1.0
334,416,iPhone Aug 31 2016 068.MOV,,,1.0,,,,,,,,21.0,23.0,6.0,608.1750256,2.0,1.0,1.0,,,,21,23,6,608.1750256,2,1.0
335,417,iPhone Aug 31 2016 083.MOV,,,,1.0,,,,probably was blind but lucky,,,13.0,35.0,4.0,1492.421571,2.0,3.0,,,1.0,Walks very slow,13,35,4,1492.421571,2,2.0
336,418,iPhone Aug 31 2016 218.MOV,,,1.0,,,,,acted like blind but didnt hit anything,,,20.0,50.0,3.0,1202.817657,2.0,1.0,1.0,,,,20,50,3,1202.817657,2,1.0
337,419,iPhone Aug 31 2016 243.MOV,,,1.0,,,,,,,,3.0,18.0,2.0,1181.558777,1.0,1.0,1.0,,,,3,18,2,1181.558777,1,1.0
338,420,iPhone Aug 31 2016 313.MOV,,,,1.0,,,,,,,13.0,35.0,5.0,1121.849999,2.0,3.0,,,1.0,,13,35,5,1121.849999,2,2.0
339,421,iPhone Aug 31 2016 358.MOV,,,,1.0,,,,,,,44.0,48.0,6.0,829.2224922,2.0,3.0,1.0,,,,44,48,6,829.2224922,2,1.0
340,422,iPhone Aug 31 2016 363.MOV,,,1.0,,,,,,,,10.0,30.0,4.0,994.2740918,2.0,1.0,1.0,,,,10,30,4,994.2740918,2,1.0
341,423,iPhone Aug 31 2016 368.MOV,,,,1.0,,,,,,,10.0,20.0,2.0,1290.478629,2.0,3.0,,,1.0,,10,20,2,1290.478629,2,2.0
342,424,iPhone Aug 31 2016 552.MOV,,,,1.0,,,,,,,17.0,38.0,2.0,1334.840472,2.0,3.0,,1.0,,,17,38,2,1334.840472,2,3.0
343,425,iPhone Aug 31 2016 555.MOV,,,1.0,,,,,probably it could see big objects,,,51.0,64.0,12.0,740.9139081,2.0,1.0,,,1.0,Walks very slow,51,64,12,740.9139081,2,2.0
344,461,Samsung Galaxy 10-2013 113.mp4,,,1.0,,,,,,,,63.0,30.0,16.0,282.2708405,2.0,1.0,1.0,,,,63,30,16,282.2708405,2,1.0
345,462,Samsung Galaxy 10-2013 895.mp4,,,,,1.0,,,there is no enough data,,,27.0,32.0,6.0,478.0841879,2.0,2.0,,1.0,,,27,32,6,478.0841879,2,3.0
346,467,video-2011-10-21-15-28-18.mp4,,,1.0,,,,,,,,95.0,46.0,22.0,280.7540594,2.0,1.0,1.0,,,,95,46,22,280.7540594,2,1.0
347,468,video-2012-08-10-11-23-45.mp4,,,1.0,,,,,,,,17.0,20.0,7.0,426.5293217,3.0,1.0,1.0,,,,17,20,7,426.5293217,3,1.0
348,469,video-2012-10-17-14-51-41.mp4,,,,,1.0,,,didn’t hit anything but the head position was suspicions,,,3.0,8.0,3.0,636.9490297,1.0,2.0,,1.0,,,3,8,3,636.9490297,1,3.0
